Type,Name,Request Count,Failure Count,Median Response Time,Average Response Time,Min Response Time,Max Response Time,Average Content Size,Requests/s,Failures/s,50%,66%,75%,80%,90%,95%,98%,99%,99.9%,99.99%,100%
POST,/auth,10,0,700.0,905.6722632999993,643.0155160000002,2019.361794,576.0,0.02006318268716224,0.0,720,750,810,1400,2000,2000,2000,2000,2000,2000,2000
GET,/employees,28,0,46000.0,46019.31300960713,37474.54959199996,54833.31860700002,1974032.4285714286,0.05617691152405427,0.0,47000,48000,49000,51000,53000,54000,55000,55000,55000,55000,55000
PATCH,/employees,164,0,3100.0,3155.2724415670737,1541.5403690000176,6288.924362000045,48.0,0.3290361960694607,0.0,3100,3300,3500,3600,4000,4500,4800,6300,6300,6300,6300
GET,/employees/absences/balance,366,0,540.0,612.1018668469958,348.7146649999886,2384.8670340000026,387.1885245901639,0.7343124863501379,0.0,540,620,670,700,880,1000,1300,1600,2400,2400,2400
GET,/employees/custom-attributes,86,0,560.0,612.0520181976729,344.9152409999954,1612.7051699999981,5767.0,0.17254337110959525,0.0,560,620,640,670,930,1200,1500,1600,1600,1600,1600
GET,/employees/employee_id,345,0,640.0,714.9936371826088,352.7390559999617,2338.8171799999996,8248.715942028986,0.6921798027070972,0.0,640,710,780,810,1000,1200,1600,1900,2300,2300,2300
,Aggregated,999,0,640.0,2340.741470448451,344.9152409999954,54833.31860700002,58828.84884884885,2.0043119504475078,0.0,640,780,1000,1600,3200,3800,43000,48000,55000,55000,55000
