Type,Name,Request Count,Failure Count,Median Response Time,Average Response Time,Min Response Time,Max Response Time,Average Content Size,Requests/s,Failures/s,50%,66%,75%,80%,90%,95%,98%,99%,99.9%,99.99%,100%
POST,/auth,10,0,1300.0,1419.2440671000008,818.3138770000014,2774.924874,576.0,0.03546127056130845,0.0,1400,1600,1700,1900,2800,2800,2800,2800,2800,2800,2800
GET,/company/time-offs,64,0,2600.0,2843.2252723125025,1561.3976019999996,6813.442109000021,72096.578125,0.22695213159237404,0.0,2600,3000,3300,3500,4200,4900,5500,6800,6800,6800,6800
POST,/company/time-offs,138,6,870.0,972.7968061594199,450.32390500000474,4221.593777999999,885.8115942028985,0.48936553374605657,0.021276762336785066,870,940,1000,1100,1300,1500,2200,3900,4200,4200,4200
GET,/employees,16,0,49000.0,49203.5354323125,36132.23740700002,57372.60302000002,1420966.4375,0.05673803289809351,0.0,50000,51000,55000,55000,56000,57000,57000,57000,57000,57000,57000
PATCH,/employees,49,0,1900.0,2570.6349136734725,1276.6724070000066,6746.489972000007,48.0,0.1737602257504114,0.0,1900,2800,3200,4100,4600,5100,6700,6700,6700,6700,6700
GET,/employees/custom-attributes,19,0,670.0,703.3353825263131,417.7981379999949,1643.8073760000123,5767.0,0.06737641406648605,0.0,670,730,790,790,870,1600,1600,1600,1600,1600,1600
GET,/employees/employee_id,94,2,740.0,791.9298789042557,383.3812810000268,1614.138357999991,7373.531914893617,0.3333359432762994,0.007092254112261689,740,810,870,960,1100,1300,1400,1600,1600,1600,1600
GET,/employees/employee_id/absences/balance,112,3,520.0,601.3739266696417,388.93463500000536,1926.6236059999926,352.36607142857144,0.3971662302866546,0.010638381168392533,520,590,670,680,830,1100,1200,1500,1900,1900,1900
,Aggregated,502,11,860.0,2786.4166448366545,383.3812810000268,57372.60302000002,56418.62151394422,1.7801557821776839,0.039007397617439286,860,1200,1600,1900,3200,4600,47000,51000,57000,57000,57000
