Type,Name,Request Count,Failure Count,Median Response Time,Average Response Time,Min Response Time,Max Response Time,Average Content Size,Requests/s,Failures/s,50%,66%,75%,80%,90%,95%,98%,99%,99.9%,99.99%,100%
POST,/auth,10,0,840.0,1147.0158236,772.6570160000001,1847.9986870000005,576.0,0.01992952385785767,0.0,900,1400,1500,1700,1800,1800,1800,1800,1800,1800,1800
GET,/company/time-offs,340,0,1000.0,1155.156678073529,354.30099199999177,4175.882778999999,19504.517647058823,0.6776038111671608,0.0,1000,1300,1500,1500,1800,2000,2400,2600,4200,4200,4200
POST,/company/time-offs,659,12,830.0,890.9226885083473,355.29843400000516,2607.867678000005,907.2458270106222,1.3133556222328207,0.023915428629429206,830,910,990,1000,1200,1400,1600,1800,2600,2600,2600
GET,/employees,14,0,57000.0,55133.24903007143,45534.80176499999,58787.98183100003,1974272.7857142857,0.02790133340100074,0.0,57000,58000,58000,59000,59000,59000,59000,59000,59000,59000,59000
PATCH,/employees,27,0,3200.0,3014.1648778148146,1456.6230499999904,4309.010391000015,48.0,0.053809714416215716,0.0,3200,3400,3500,3600,4000,4000,4300,4300,4300,4300,4300
GET,/employees/absences/balance,59,0,580.0,629.419368779659,380.6345910000033,1443.1652860000029,389.76271186440675,0.11758419076136027,0.0,580,630,670,730,800,1100,1400,1400,1400,1400,1400
GET,/employees/custom-attributes,11,0,580.0,647.3633642727312,405.8248240000353,1099.9006319999864,5767.0,0.02192247624364344,0.0,580,660,710,710,1100,1100,1100,1100,1100,1100,1100
GET,/employees/employee_id,59,0,730.0,758.2985427288125,489.057128999999,1311.5138189999982,8219.694915254237,0.11758419076136027,0.0,730,800,860,910,1000,1100,1100,1300,1300,1300,1300
,Aggregated,1179,12,860.0,1640.021859555557,354.30099199999177,58787.98183100003,30065.887192536047,2.3496908628414195,0.023915428629429206,860,1000,1100,1200,1600,2000,3400,50000,59000,59000,59000
